Comune,Provincia,Regione,Nome,Anno inserimento,Identificatore in OpenStreetMap,Longitudine,Latitudine
Bardonecchia,TORINO,Piemonte,Sabrina,2015,3700735141,6.7074675,45.0782614
Chieri,TORINO,Piemonte,,2016,1739777081,7.8243336,45.0117969
Chivasso,TORINO,Piemonte,,2010,966247815,7.8842796,45.1896861999999
Chivasso,TORINO,Piemonte,,2010,966248025,7.891146,45.1908053
Ivrea,TORINO,Piemonte,ABCinema d'Essai,2010,773637449,7.8797919,45.4664013
Ivrea,TORINO,Piemonte,Cinema Boaro,2012,1876474160,7.8792445,45.4671796
Moncalieri,TORINO,Piemonte,UCG Cinema,2012,262100274,7.708174,44.9762260999999
Pinerolo,TORINO,Piemonte,Cinema Hollywood,2015,3352525199,7.3096924,44.8858366999999
Pinerolo,TORINO,Piemonte,Cinema Italia,2013,2425831724,7.330467,44.8831788999999
Rivoli,TORINO,Piemonte,Cinema Teatro Borgonuovo,2013,1855973149,7.505139,45.0702847
Sestriere,TORINO,Piemonte,Cinema Fraiteve,2015,3721581842,6.8790824,44.9583694
Torino,TORINO,Piemonte,Cinecafé Ambrosio,2015,3274388861,7.6812669,45.0621409
Torino,TORINO,Piemonte,Cinema Eliseo,2013,2113383951,7.6500046,45.0650722
Torino,TORINO,Piemonte,Cinema Lux,2011,1350142517,7.6826574,45.0690361999999
Torino,TORINO,Piemonte,Cinema Romano,2011,1370040605,7.6867032,45.0696185999999
Torino,TORINO,Piemonte,Cineplex Massaua,2012,2049845183,7.6201045,45.0739414999999
Torino,TORINO,Piemonte,Classico,2015,3284942161,7.6944342,45.0661441999999
Torino,TORINO,Piemonte,Due Giardini,2011,735032355,7.6420215,45.0503896999999
Torino,TORINO,Piemonte,Greenwich Village,2015,248787330,7.6917134,45.0669867
Torino,TORINO,Piemonte,Maffei,2012,1467593787,7.683076,45.0597276
Torino,TORINO,Piemonte,Metropol,2012,1467593792,7.6828771,45.0597982
Torino,TORINO,Piemonte,Nazionale,2014,2791170550,7.6834351,45.0626637
Torino,TORINO,Piemonte,The Space Cinema,2014,2688303785,7.6683386,45.0878070999999
Torino,TORINO,Piemonte,UCI Cinemas Lingotto,2015,1172116311,7.6664412,45.0338769999999
Varallo,VERCELLI,Piemonte,Cinema Oratorio Sottoriva,2014,2627228401,8.2527384,45.814272
Vercelli,VERCELLI,Piemonte,Cinema Italia,2010,499620955,8.41666919999999,45.3236405999999
Bellinzago Novarese,NOVARA,Piemonte,Movie Planet,2013,2145291059,8.6409651,45.5539425999999
Novara,NOVARA,Piemonte,VIP,2015,2036115172,8.6105423,45.4447722999999
Alba,CUNEO,Piemonte,Cine4,2012,1749822805,8.0351209,44.6981645999999
Borgo San Dalmazzo,CUNEO,Piemonte,Cinelandia,2012,1967623229,7.5063594,44.3471724999999
Centallo,CUNEO,Piemonte,Lux,2012,1730573268,7.5852058,44.4985082999999
Cuneo,CUNEO,Piemonte,Lanteri,2012,1970779012,7.5468279,44.3877476999999
Asti,ASTI,Piemonte,Nuovo Splendor,2015,1470052046,8.1969253,44.898372
Alessandria,ALESSANDRIA,Piemonte,Cinema Teatro Alessandrino,2015,1891230225,8.615575,44.9122828
Alessandria,ALESSANDRIA,Piemonte,Cinema Teatro Macallé,2015,3626519732,8.6903898,44.9173560999999
Alessandria,ALESSANDRIA,Piemonte,Multisala Kristalli,2015,3640431757,8.6009144,44.9018412
Alessandria,ALESSANDRIA,Piemonte,UCI Cinemas,2015,3604599298,8.6981413,44.8857389
Ovada,ALESSANDRIA,Piemonte,Cinema Teatro Comunale,2012,1631132523,8.6434241,44.636715
Tortona,ALESSANDRIA,Piemonte,Megaplex Stardust,2012,1749595238,8.88095219999999,44.9065129
Valenza,ALESSANDRIA,Piemonte,Cineteatro Sociale,2012,1639017564,8.6443211,45.0132685
Aosta,AOSTA,Valle d'Aosta,Cinéma Théatre de la Ville,2013,1270415684,7.3199007,45.7394342999999
Ayas,AOSTA,Valle d'Aosta,Cinema Sant'Anna,2016,372793690,7.7262714,45.8315629
Cogne,AOSTA,Valle d'Aosta,Gran Paradiso,2012,1842637099,7.3532089,45.6096076999999
Courmayeur,AOSTA,Valle d'Aosta,,2014,3110756774,6.9699768,45.7915751999999
Courmayeur,AOSTA,Valle d'Aosta,,2015,3722861892,6.9499713,45.8290527999999
Saint-Christophe,AOSTA,Valle d'Aosta,Cinelandia,2012,1984398245,7.3665053,45.7408424999999
Saint-Vincent,AOSTA,Valle d'Aosta,Cinema Auditorium IPR,2013,2387376837,7.6500337,45.7496218
Verres,AOSTA,Valle d'Aosta,Cinema Ideal,2015,1729271446,7.6934133,45.6615374
Imperia,IMPERIA,Liguria,Cinema Centrale,2014,1321427854,8.0144569,43.8766827
Imperia,IMPERIA,Liguria,Cinema Imperia,2015,472445152,8.04139419999999,43.888961
San Bartolomeo al Mare,IMPERIA,Liguria,Smeraldo,2015,3725430216,8.0997629,43.9208666999999
San Remo,IMPERIA,Liguria,Cinema Ariston,2014,503198215,7.7776063,43.8175537999999
Borgio Verezzi,SAVONA,Liguria,Cinema Teatro Gassmann,2011,1417138880,8.3047851,44.1588653
Finale Ligure,SAVONA,Liguria,Cinema all'aperto,2012,1712120655,8.39322029999999,44.1823194999999
Savona,SAVONA,Liguria,Multisala Diana,2016,601477594,8.4787125,44.3107576
Savona,SAVONA,Liguria,Nuovo Filmstudio,2013,602511004,8.4880209,44.3074888
Chiavari,GENOVA,Liguria,Cinema Mignon,2015,3610446816,9.3231559,44.3181396
Genova,GENOVA,Liguria,America,2015,253268182,8.942131,44.4064504999999
Genova,GENOVA,Liguria,Ariston,2013,253266745,8.9323264,44.4086466999999
Genova,GENOVA,Liguria,Chiabrera,2014,3120670438,8.9300911,44.406733
Genova,GENOVA,Liguria,Cinema Cappuccini,2013,750786139,8.93731569999999,44.4124523999999
Genova,GENOVA,Liguria,Cinema Centrale,2015,897271247,8.9448585,44.4068102
Genova,GENOVA,Liguria,Cinema Corallo,2013,2178108475,8.93549179999999,44.4022847999999
Genova,GENOVA,Liguria,Cinema Eden,2013,331552714,8.816039,44.4271123999999
Genova,GENOVA,Liguria,Cinema Eldorado,2014,966304779,8.8943025,44.4095829999999
Genova,GENOVA,Liguria,Cinema teatro Verdi,2011,302324772,8.8499972,44.4264204999999
Genova,GENOVA,Liguria,City,2013,253486824,8.9344257,44.4091765
Genova,GENOVA,Liguria,Nickelodeon,2013,413995838,8.94145679999999,44.4062065
Genova,GENOVA,Liguria,Nuovo Cinema Palmaro,2013,442709467,8.7748212,44.4274544
Genova,GENOVA,Liguria,Odeon,2013,253266819,8.95297339999999,44.4023028
Genova,GENOVA,Liguria,Olimpia,2009,253486101,8.935676,44.4067105999999
Genova,GENOVA,Liguria,San Giovanni Battista,2008,303163729,8.8520087,44.42969
Genova,GENOVA,Liguria,Sévori,2013,413995262,8.9369744,44.4098903
Genova,GENOVA,Liguria,The Space Cinema,2014,252806062,8.9214789,44.4082235999999
Genova,GENOVA,Liguria,UCI Cinemas Fiumara,2012,253267452,8.8805223,44.4137127999999
Ronco Scrivia,GENOVA,Liguria,Columbia,2015,3468419999,8.95089149999999,44.6126921999999
Rossiglione,GENOVA,Liguria,Cinema Comunale,2010,686595637,8.6703049,44.5622177999999
La Spezia,LA SPEZIA,Liguria,Controluce,2012,2027126976,9.8156546,44.1077784
Monterosso al Mare,LA SPEZIA,Liguria,,2015,3554116493,9.6461454,44.1453251
Bisuschio,VARESE,Lombardia,Cinema S. Giorgio,2012,1576834890,8.8722753,45.8749001999999
Gavirate,VARESE,Lombardia,Eden,2015,3844356305,8.7117774,45.8476515999999
Gavirate,VARESE,Lombardia,Garden,2015,3846864772,8.7142649,45.8433759999999
Germignaga,VARESE,Lombardia,Cinema Teatro Italia,2014,3205978480,8.7264634,45.9952869999999
Grantola,VARESE,Lombardia,Mignon,2015,3870607268,8.77277209999999,45.9502207999999
Olgiate Olona,VARESE,Lombardia,Cinema Nuovo,2011,1282636374,8.8853573,45.6325138999999
Origgio,VARESE,Lombardia,CineTeatro San Giuseppe,2010,659798280,9.0196481,45.5971820999999
Saronno,VARESE,Lombardia,Multisala Saronnese,2014,1907266823,9.0334518,45.62717
Somma Lombardo,VARESE,Lombardia,Cinema Odeon,2013,2333695682,8.7056812,45.6818132
Tradate,VARESE,Lombardia,Starplex,2012,1865594176,8.9126147,45.6983217
Travedona-Monate,VARESE,Lombardia,Santamanzio,2015,2692927046,8.67366389999999,45.8047751
Varese,VARESE,Lombardia,Cinema Teatro Nuovo,2014,1343526652,8.8352393,45.8241943
San Fedele Intelvi,COMO,Lombardia,,2013,2565813535,9.0736453,45.9712359999999
Aprica,SONDRIO,Lombardia,,2010,1026730066,10.1580397999999,46.1549850999999
Morbegno,SONDRIO,Lombardia,Cinema Iris,2015,2833186449,9.5688,46.1345499999999
Morbegno,SONDRIO,Lombardia,Cinema Pedretti,2015,2833186450,9.568797,46.1335661
Morbegno,SONDRIO,Lombardia,Cinema Tre,2015,2833186451,9.5688563,46.1339049999999
Sondrio,SONDRIO,Lombardia,excelsior,2014,2575898174,9.8734873,46.1701089999999
Abbiategrasso,MILANO,Lombardia,cinema al corso,2009,450562080,8.9153854,45.4023358
Arese,MILANO,Lombardia,Cinema Teatro Arese,2012,1999713424,9.0781139,45.5496881999999
Arluno,MILANO,Lombardia,Cinema Oratorio,2010,609695758,8.9368814,45.5059436
Bellinzago Lombardo,MILANO,Lombardia,Arcadia,2014,906715849,9.4540535,45.5459809999999
Bollate,MILANO,Lombardia,Splendor,2010,912755868,9.1135272,45.5421152999999
Bresso,MILANO,Lombardia,,2009,577786811,9.188347,45.5376417
Cernusco sul Naviglio,MILANO,Lombardia,Cine Teatro Agoré,2013,445325846,9.3321927,45.5265469
Gorgonzola,MILANO,Lombardia,Cinema Sala Argentia,2012,544451639,9.4031681,45.5325354
Legnano,MILANO,Lombardia,Cinema Galleria,2014,714791302,8.9179521,45.5939776
Legnano,MILANO,Lombardia,Cinema Ratti,2012,868475135,8.91841389999999,45.5941967999999
Milano,MILANO,Lombardia,Anteo,2015,252634867,9.1876422,45.4796945
Milano,MILANO,Lombardia,Apollo,2009,435199449,9.1946808,45.4657452
Milano,MILANO,Lombardia,Arcobaleno Film Center,2015,442138046,9.20563819999999,45.4770526
Milano,MILANO,Lombardia,Arena Umanitaria,2012,1977225057,9.2010307,45.4594328
Milano,MILANO,Lombardia,Arianteo Conservatorio,2012,1977225058,9.2034005,45.4647691999999
Milano,MILANO,Lombardia,Ariosto,2012,442586656,9.16599549999999,45.4690707
Milano,MILANO,Lombardia,Arlecchino,2014,2420779234,9.1953561,45.4663034
Milano,MILANO,Lombardia,Centrale,2012,442587403,9.1857518,45.4622128
Milano,MILANO,Lombardia,Cinema Orchidea,2015,3840440921,9.17646689999999,45.4656901999999
Milano,MILANO,Lombardia,Colosseo,2012,442587550,9.20793729999999,45.4616400999999
Milano,MILANO,Lombardia,Don Bosco,2013,358878181,9.1998057,45.4882430999999
Milano,MILANO,Lombardia,Ducale,2012,29978509,9.1546299,45.452398
Milano,MILANO,Lombardia,Eliseo,2012,442588357,9.1825204,45.4608443999999
Milano,MILANO,Lombardia,Europlex Bicocca,2012,250051812,9.2161433,45.5219372999999
Milano,MILANO,Lombardia,Garden,2014,255138301,9.240539,45.4879746
Milano,MILANO,Lombardia,Gloria,2012,268616396,9.16186139999999,45.4665478
Milano,MILANO,Lombardia,Gnomo,2009,442590118,9.17572479999999,45.4615624999999
Milano,MILANO,Lombardia,Mexico,2011,442591065,9.1602902,45.452694
Milano,MILANO,Lombardia,Odeon,2013,251293086,9.192365,45.4651207
Milano,MILANO,Lombardia,Orfeo,2012,268616425,9.1695974,45.4568733999999
Milano,MILANO,Lombardia,Rosetum,2014,995613962,9.1403155,45.4670070999999
Milano,MILANO,Lombardia,Spazio Oberdan,2013,1977225059,9.20396659999999,45.4753722999999
Milano,MILANO,Lombardia,UCI Cinemas Certosa,2012,714322674,9.1281504,45.5096400999999
Pioltello,MILANO,Lombardia,UCI cinemas,2009,445312008,9.3222878,45.5030126999999
Rozzano,MILANO,Lombardia,Medusa multisala,2010,590353684,9.1778093,45.3893021
Sesto San Giovanni,MILANO,Lombardia,Skyline,2012,1505376846,9.2183104,45.5295891
Albino,BERGAMO,Lombardia,Cineteatro Nuovo,2014,1975212592,9.7937948,45.7595257999999
Alzano Lombardo,BERGAMO,Lombardia,Cineam dell'oratorio di Alzano Lombardo,2014,3021940972,9.7292208,45.7355448
Bergamo,BERGAMO,Lombardia,Conca Verde,2009,450615075,9.62915609999999,45.6935511
Branzi,BERGAMO,Lombardia,,2012,1811307308,9.7597956,46.0031228
Romano di Lombardia,BERGAMO,Lombardia,Multisala il Borgo,2014,3242944010,9.7579622,45.532643
Sorisole,BERGAMO,Lombardia,Cinema Agoré,2013,1638074371,9.6345008,45.7336128999999
Bagnolo Mella,BRESCIA,Lombardia,,2013,2441147381,10.1775296999999,45.4289399999999
Brescia,BRESCIA,Lombardia,Astra,2014,733086608,10.2202902,45.5391741999999
Brescia,BRESCIA,Lombardia,Moretto,2010,733086600,10.2231162999999,45.5354417
Brescia,BRESCIA,Lombardia,Multisala OZ,2015,1265574878,10.1778353,45.5233788
Brescia,BRESCIA,Lombardia,Multisala Wiz,2014,732898944,10.2077766,45.534661
Brescia,BRESCIA,Lombardia,Nuovo Eden,2013,1773639455,10.2173856,45.5444019999999
Brescia,BRESCIA,Lombardia,Sociale,2015,733086621,10.2204786999999,45.5359266
Capriolo,BRESCIA,Lombardia,Gemini,2009,370344532,9.93107919999999,45.6320101
Collebeato,BRESCIA,Lombardia,Cinema San Filippo Neri,2014,2793795094,10.2141996,45.5845393999999
Desenzano del Garda,BRESCIA,Lombardia,Cinema Paolo VI,2014,3013962671,10.538042,45.4711301999999
Gargnano,BRESCIA,Lombardia,Il teatrino,2016,3979506088,10.6645962,45.6907061
Montichiari,BRESCIA,Lombardia,Cinema Teatro Gloria,2013,2148210147,10.3909049,45.4134115
Rovato,BRESCIA,Lombardia,,2013,2121226949,9.9994181,45.5655628
Salo',BRESCIA,Lombardia,Cinema teatro Cristal,2012,1403540617,10.5233089,45.6074313
Montebello della Battaglia,PAVIA,Lombardia,The Space Multisala,2014,2698875903,9.07075629999999,44.9999096
Parona,PAVIA,Lombardia,Movie Planet Parona,2014,694681554,8.78842979999999,45.2763516999999
Pavia,PAVIA,Lombardia,Cinema Teatro Politeama,2015,3569173697,9.1518862,45.1860213
Rivanazzano,PAVIA,Lombardia,Cinema Sociale,2013,2433981108,9.01378169999999,44.9320092999999
Voghera,PAVIA,Lombardia,Cinema - Teatro Arlecchino,2012,623548753,9.0088278,44.988587
Bagnolo Cremasco,CREMONA,Lombardia,,2013,2286070168,9.6097943,45.3617041999999
Crema,CREMONA,Lombardia,Sala Alessandrini,2015,3771702547,9.6817103,45.3552491
Cremona,CREMONA,Lombardia,,2013,854329790,9.9972482,45.1495875999999
Spino d'Adda,CREMONA,Lombardia,Cinema Vottoria,2015,3364335016,9.4908381,45.3990074
Asola,MANTOVA,Lombardia,San Carlo,2011,1477405279,10.4135705,45.2215855999999
Mantova,MANTOVA,Lombardia,,2014,2820177751,10.8253162,45.1686381
Bressanone,BOLZANO,Trentino-Alto Adige,Sternkino,2014,2398204047,11.6570842,46.7177184
Caldaro sulla Strada del Vino,BOLZANO,Trentino-Alto Adige,,2015,1743011198,11.2509636,46.417842
Cles,TRENTO,Trentino-Alto Adige,,2012,939451818,11.0362568,46.3661283
Coredo,TRENTO,Trentino-Alto Adige,Cinema Dolomiti,2013,2140551480,11.0910244,46.3487190999999
Folgaria,TRENTO,Trentino-Alto Adige,Cinema Paradiso,2012,1806514145,11.1685025,45.9172028999999
Lavarone,TRENTO,Trentino-Alto Adige,Cinema Dolomiti,2014,1732128586,11.2509355,45.9418987999999
Lavarone,TRENTO,Trentino-Alto Adige,Cinema Teatro Dolomiti,2014,3170252310,11.2511174,45.9418117
Male',TRENTO,Trentino-Alto Adige,Cinema Comunale,2011,1098424206,10.9139295,46.3530415
Pergine Valsugana,TRENTO,Trentino-Alto Adige,Cinema  Teatro Pergine Valsugana,2014,2853936060,11.2391965,46.0622048
Predazzo,TRENTO,Trentino-Alto Adige,Bar Teatro,2014,2208013392,11.6008139,46.3134334
Predazzo,TRENTO,Trentino-Alto Adige,Cinema,2014,269955384,11.6006178,46.3135289
Rovereto,TRENTO,Trentino-Alto Adige,Supercinema Rosmini,2010,417419594,11.0434366,45.8907487
Trento,TRENTO,Trentino-Alto Adige,Supercinema Vittoria,2012,269184853,11.1240549,46.0698347
Bardolino,VERONA,Veneto,,2012,835598169,10.7221016,45.5479131
Cerea,VERONA,Veneto,Cinema Mignon,2011,1402598138,11.2118924999999,45.1952329
Cerea,VERONA,Veneto,Cinema Principe,2014,3214419210,11.2106936,45.1932225999999
Isola della Scala,VERONA,Veneto,Cap. Bovo,2012,1740460012,11.0053564,45.2726153999999
Legnago,VERONA,Veneto,Cinema Italia,2014,1417495630,11.3110333,45.1912147999999
San Bonifacio,VERONA,Veneto,Cinema Cristallo,2014,1941683049,11.2712155,45.3964647
Sommacampagna,VERONA,Veneto,,2013,2407813146,10.8411621,45.4082714999999
Sona,VERONA,Veneto,The space cinemas,2014,2989532864,10.864513,45.4394666
Valeggio sul Mincio,VERONA,Veneto,,2014,2835348134,10.7324734999999,45.3549861999999
Verona,VERONA,Veneto,Arena estiva Fiume,2013,2381215266,10.9764406999999,45.4432746
Verona,VERONA,Veneto,Cinema Diamante,2013,1462387106,10.973502,45.4203812
Verona,VERONA,Veneto,Cinema Multisala Rivoli,2014,1152590532,10.9928919,45.4396774
Verona,VERONA,Veneto,Cinema Pindemonte,2011,262307626,10.9819379,45.4566675
Asiago,VICENZA,Veneto,Lux,2011,1373709124,11.5118712999999,45.8767222999999
Bassano del Grappa,VICENZA,Veneto,Astra,2010,506466076,11.735906,45.7687383
Bassano del Grappa,VICENZA,Veneto,Cinema all'aperto Giardini Parolini,2012,1795363443,11.738396,45.7637775999999
Bassano del Grappa,VICENZA,Veneto,Cinema Grotta,2013,1421298580,11.7340456999999,45.7672674
Bassano del Grappa,VICENZA,Veneto,Metropolis cinema multisala,2014,506461391,11.7355944,45.7430007
Bassano del Grappa,VICENZA,Veneto,Sala Martinovich,2012,1587579132,11.7344823,45.7630638999999
Gallio,VICENZA,Veneto,Cineghel,2012,1762104950,11.5459344,45.8921955
Malo,VICENZA,Veneto,Aurora,2014,3135341630,11.4043614,45.6564491999999
Marostica,VICENZA,Veneto,Sala Micropolis,2014,2878909741,11.6120253,45.7740568999999
Rossano Veneto,VICENZA,Veneto,Cinema Estivo all'aperto,2011,1567309156,11.800858,45.7064772
Schio,VICENZA,Veneto,Cinema Salesiani,2011,1411213452,11.3593148,45.7118261
Schio,VICENZA,Veneto,Cinema Teatro Pasubio,2015,345834526,11.3439244,45.7149542
Schio,VICENZA,Veneto,Cinema Teatro Sociale,2015,341157821,11.3560868999999,45.7141676999999
Tonezza del Cimone,VICENZA,Veneto,Cinema Tonezza,2015,3914291067,11.3458703,45.8566122
Torrebelvicino,VICENZA,Veneto,Cinema Arcobaleno,2010,311389234,11.3123337999999,45.7180869
Torri di Quartesolo,VICENZA,Veneto,The Space,2014,1998787402,11.6227901,45.5104097999999
Valdagno,VICENZA,Veneto,Cinema Teatro Super,2012,1800416591,11.3011722999999,45.6465044999999
Vicenza,VICENZA,Veneto,Cinema Patronato,2014,2801987021,11.5461440999999,45.5508259
Vicenza,VICENZA,Veneto,Cinema Roma,2014,2115061857,11.5420789,45.5468298999999
Vicenza,VICENZA,Veneto,Cinema Teatro San Marco,2011,612195662,11.5427409999999,45.5539594999999
Vicenza,VICENZA,Veneto,Ex-Cinema Arlecchino,2015,3538934250,11.5382536,45.5469148999999
Vicenza,VICENZA,Veneto,Patronato Leone XIII Ekué,2014,2780522369,11.5456214,45.55053
Belluno,BELLUNO,Veneto,,2016,4018386158,12.2316258,46.1570625
Feltre,BELLUNO,Veneto,OffiCinema,2013,300997241,11.9098618999999,46.0161333
Santo Stefano di Cadore,BELLUNO,Veneto,Cinema Piave,2014,3014739319,12.5495195,46.5571977999999
QUERO VAS,BELLUNO,Veneto,,2015,1824482351,11.9317089,45.9237157999999
Castelfranco Veneto,TREVISO,Veneto,Multisala Hesperia,2014,736523050,11.9282351,45.6736349999999
Mogliano Veneto,TREVISO,Veneto,Cinema Busan,2010,857484461,12.2380181,45.561509
Montebelluna,TREVISO,Veneto,Italia Eden,2012,1402453777,12.0449762,45.7780534999999
Paese,TREVISO,Veneto,Cinema Edera,2011,500616960,12.1568488,45.6758134
Pieve di Soligo,TREVISO,Veneto,Cinema Teatro Careni,2014,1461896066,12.1770323,45.9005453999999
Silea,TREVISO,Veneto,Cinecity - The Space Cinema,2012,190392858,12.2929448,45.6521309999999
Vittorio Veneto,TREVISO,Veneto,Bianconiglio,2011,1565688120,12.3065788,45.9880953999999
Vittorio Veneto,TREVISO,Veneto,Cinema Estate,2012,1575557337,12.2889058,46.0002713
Cavarzere,VENEZIA,Veneto,Cinema Verdi,2013,1499655901,12.0833309999999,45.1366356999999
Concordia Sagittaria,VENEZIA,Veneto,,2012,1880763898,12.8437108,45.7560389
Marcon,VENEZIA,Veneto,Uci Cinema,2012,1859393968,12.3054029,45.5485618
San Dona' di Piave,VENEZIA,Veneto,,2010,445126814,12.5626104,45.6267083999999
San Dona' di Piave,VENEZIA,Veneto,,2015,3268128171,12.5713104,45.6304152
San Michele al Tagliamento,VENEZIA,Veneto,,2014,3186083987,13.0171895,45.6314769999999
Spinea,VENEZIA,Veneto,Ai bersaglieri,2009,466226986,12.1620512,45.4922507
Venezia,VENEZIA,Veneto,,2010,1024991380,12.2347906,45.4873033
Venezia,VENEZIA,Veneto,,2012,1814292386,12.3699283,45.4175353999999
Venezia,VENEZIA,Veneto,Giorgione,2012,1627214317,12.3373851,45.4412809
Venezia,VENEZIA,Veneto,IMG Piazza Candiani,2015,3883895942,12.2402098,45.4946854
Venezia,VENEZIA,Veneto,Rossini,2015,3354644723,12.3330863,45.4352341999999
Padova,PADOVA,Veneto,Astra,2012,250135708,11.8805856,45.4208009999999
Padova,PADOVA,Veneto,Cinema Concordi,2012,476638123,11.8728403999999,45.4057609999999
Padova,PADOVA,Veneto,Cinema Cristallo,2011,1218298761,11.8631989,45.4070417
Padova,PADOVA,Veneto,Cinema Lux,2010,617417280,11.8705208,45.3908131999999
Padova,PADOVA,Veneto,Cinema Rex,2015,2804058326,11.8919321999999,45.3911939999999
Padova,PADOVA,Veneto,Multisala MPX,2012,476638165,11.8711822,45.4051487999999
Padova,PADOVA,Veneto,Multisala PortoAstra,2015,746507331,11.8656922999999,45.3831284999999
Padova,PADOVA,Veneto,Torresino,2012,1460204861,11.8717635,45.4007064999999
Adria,ROVIGO,Veneto,Cinema Teatro Politeama,2016,3353099529,12.0575065,45.0512865
Rovigo,ROVIGO,Veneto,Cinema Duomo,2010,257437196,11.7890303,45.0693141
Rovigo,ROVIGO,Veneto,Cinergia,2013,2383309043,11.7772551,45.0285023
Rovigo,ROVIGO,Veneto,Don Bosco,2010,921257007,11.7830534,45.0763163
Porto Viro,ROVIGO,Veneto,Cinema Eden,2011,1501848829,12.2199933,45.0202827
Buia,UDINE,Friuli-Venezia Giulia,,2012,1741399640,13.1193705,46.2019619
Pradamano,UDINE,Friuli-Venezia Giulia,The Space,2014,527332536,13.2853645999999,46.0215573999999
Udine,UDINE,Friuli-Venezia Giulia,Centrale,2011,1119814211,13.2324458,46.0616153
Udine,UDINE,Friuli-Venezia Giulia,Cinema Diana,2014,630794527,13.2497801,46.0698615
Udine,UDINE,Friuli-Venezia Giulia,Visionario,2010,795959692,13.2291118,46.0647908999999
Gorizia,GORIZIA,Friuli-Venezia Giulia,Kinemax Gorizia,2013,316495408,13.6256299,45.9455772
Villesse,GORIZIA,Friuli-Venezia Giulia,UCI Cinemas,2015,3864637007,13.4278215,45.8649397
Trieste,TRIESTE,Friuli-Venezia Giulia,Ariston dei Fabbri,2013,2414220134,13.7655867999999,45.6462405999999
Trieste,TRIESTE,Friuli-Venezia Giulia,Cinema Ambasciatori,2015,1822587746,13.7820727,45.6521118
Trieste,TRIESTE,Friuli-Venezia Giulia,Cinema Ariston,2015,343320780,13.7552325999999,45.6413783
Trieste,TRIESTE,Friuli-Venezia Giulia,Cinema Federico Fellini,2015,314396371,13.7825503,45.6522097
Trieste,TRIESTE,Friuli-Venezia Giulia,Cinema Giotto,2015,1822587745,13.7828702,45.6530540999999
Trieste,TRIESTE,Friuli-Venezia Giulia,Cinema Nazionale,2015,255711607,13.7829029,45.6524879999999
Trieste,TRIESTE,Friuli-Venezia Giulia,The Space (ex CineCity),2013,314394320,13.7804999,45.6348417
Caorso,PIACENZA,Emilia-Romagna,Cine Fox,2015,1938073113,9.87133,45.0494217
Castel San Giovanni,PIACENZA,Emilia-Romagna,,2012,955208721,9.4336143,45.0579467
Rottofreno,PIACENZA,Emilia-Romagna,Cinema Jolly2,2014,2317280590,9.60915299999999,45.0564980999999
Parma,PARMA,Emilia-Romagna,CineCity,2010,564669262,10.3213819,44.7660012999999
Parma,PARMA,Emilia-Romagna,Warner Village,2011,343657223,10.3412401,44.7991981999999
Albinea,REGGIO EMILIA,Emilia-Romagna,Cinema Apollo,2014,3012937610,10.6018858999999,44.6203878999999
Casalgrande,REGGIO EMILIA,Emilia-Romagna,Cinema nuovo roma,2013,2297852636,10.7406463,44.5884398
Reggio nell'Emilia,REGGIO EMILIA,Emilia-Romagna,Cinema Olimpia,2010,920542484,10.626574,44.6823757
Reggio nell'Emilia,REGGIO EMILIA,Emilia-Romagna,City-In,2014,2645251588,10.6300378,44.6950042
Reggio nell'Emilia,REGGIO EMILIA,Emilia-Romagna,Cristallo,2013,2582050278,10.6346194,44.7015468999999
Sant'Ilario d'Enza,REGGIO EMILIA,Emilia-Romagna,Forum,2010,612940040,10.4471995,44.7618293
Carpi,MODENA,Emilia-Romagna,Cinema Del Corso,2012,1618024194,10.8835687,44.7854692
Carpi,MODENA,Emilia-Romagna,Space City,2012,1581366486,10.8635272,44.7854968999999
Frassinoro,MODENA,Emilia-Romagna,Cinemalux,2008,290278246,10.5094672,44.2661299999999
Modena,MODENA,Emilia-Romagna,Michelangelo,2011,1320140157,10.9111142,44.6404636999999
Novi di Modena,MODENA,Emilia-Romagna,Cinema Teatro LUX,2012,1610889969,10.9558631,44.8405202
Baricella,BOLOGNA,Emilia-Romagna,Santa Maria,2011,1213592776,11.5335535,44.6455322999999
Bologna,BOLOGNA,Emilia-Romagna,Bellinzona,2015,3181504341,11.3255169,44.4894368
Bologna,BOLOGNA,Emilia-Romagna,Bloom Culture Teatri,2015,3645563600,11.3337742,44.4956107
Bologna,BOLOGNA,Emilia-Romagna,Capitol,2015,3241249259,11.3445716,44.5029437
Bologna,BOLOGNA,Emilia-Romagna,Chaplin,2014,3181507492,11.3311297,44.4907833999999
Bologna,BOLOGNA,Emilia-Romagna,Cinema Arlecchino,2014,1685235409,11.3352337999999,44.4992288999999
Bologna,BOLOGNA,Emilia-Romagna,Cinema Lumiére,2013,1735448480,11.3345097,44.5024640999999
Bologna,BOLOGNA,Emilia-Romagna,Cinema Medica Palace,2014,1312716242,11.3406383,44.4958950999999
Bologna,BOLOGNA,Emilia-Romagna,Cinema Orione,2013,964932949,11.3133009,44.5014404
Bologna,BOLOGNA,Emilia-Romagna,Cineteca di Bologna,2015,3181344021,11.3367451,44.4988785999999
Bologna,BOLOGNA,Emilia-Romagna,Jolly,2014,3181441641,11.3371171,44.4967714
Bologna,BOLOGNA,Emilia-Romagna,Nuovo Nosadella,2014,3181344018,11.3300771,44.5024019
Bologna,BOLOGNA,Emilia-Romagna,Perla,2014,3182766145,11.3582775999999,44.4997077
Bologna,BOLOGNA,Emilia-Romagna,Smeraldo,2015,3817706458,11.3679497,44.4555948
Bologna,BOLOGNA,Emilia-Romagna,The Space Cinema,2013,1621390104,11.3725792,44.5113010999999
Casalecchio di Reno,BOLOGNA,Emilia-Romagna,Uci Cinemas Meridiana,2014,853173714,11.269124,44.4844013
Imola,BOLOGNA,Emilia-Romagna,CineCircolo Cappuccini,2013,2181326211,11.7004532,44.3548820999999
Imola,BOLOGNA,Emilia-Romagna,Cinema Cristallo,2010,246493836,11.7156435,44.3557051
Minerbio,BOLOGNA,Emilia-Romagna,Mandrioli,2013,1216084409,11.4523993999999,44.6185164999999
Pianoro,BOLOGNA,Emilia-Romagna,Star City,2012,1669292767,11.3488983999999,44.4173575
San Giovanni in Persiceto,BOLOGNA,Emilia-Romagna,Cinema Giada,2015,3909471987,11.1862078,44.6425545999999
Sant'Agata Bolognese,BOLOGNA,Emilia-Romagna,Cinecé,2014,531294965,11.1380196,44.6570912
Vergato,BOLOGNA,Emilia-Romagna,Cinema Nuovo,2010,811406731,11.1126859,44.2827535999999
Cento,FERRARA,Emilia-Romagna,Cinepark Cinema Multisala,2014,2199578727,11.3034406999999,44.7482108999999
Cento,FERRARA,Emilia-Romagna,Don Zucchini,2013,2450671594,11.2888018,44.7260677
Ferrara,FERRARA,Emilia-Romagna,Cinema Boldini,2014,1249700590,11.6216826999999,44.8383747999999
Ferrara,FERRARA,Emilia-Romagna,Cinema parrocchiale di San Benedetto,2011,1235745384,11.6146189999999,44.8417043999999
Ferrara,FERRARA,Emilia-Romagna,Multisala Apollo Cinepark,2013,1251039469,11.6195356,44.8326787
Ferrara,FERRARA,Emilia-Romagna,UCI Cinemas,2013,1255267630,11.6022171,44.8364806
Bagnacavallo,RAVENNA,Emilia-Romagna,,2015,3419889951,12.0251245,44.4121967999999
Cervia,RAVENNA,Emilia-Romagna,Cinema Sarti,2013,667881374,12.3483523,44.2613494
Conselice,RAVENNA,Emilia-Romagna,Cinema parrocchiale,2011,1172710312,11.828927,44.5136607
Faenza,RAVENNA,Emilia-Romagna,Cinema Italia,2013,2313747032,11.8821405,44.2841469
Faenza,RAVENNA,Emilia-Romagna,Sarti,2013,2313747051,11.8804212,44.2846844
Ravenna,RAVENNA,Emilia-Romagna,Cinema City,2014,657853385,12.1713082,44.4181358
Ravenna,RAVENNA,Emilia-Romagna,Mariani,2013,2585089489,12.1991387,44.4194575
Cesena,FORLI',Emilia-Romagna,Cinema Astra,2010,256784755,12.2441133,44.1329277999999
Cesena,FORLI',Emilia-Romagna,Cinema Eliseo Multisala,2015,3499819542,12.2468393,44.1395334999999
Forli',FORLI',Emilia-Romagna,Cinema Apollo,2010,971825810,12.0405934,44.2238502
Forli',FORLI',Emilia-Romagna,Cinema Eliseo,2014,2900666154,12.0454738,44.2189503999999
Forli',FORLI',Emilia-Romagna,Multisala Astoria,2011,1140049300,12.0289953,44.2042261
Fano,PESARO E URBINO,Marche,Cityplex Politeama,2012,1597985102,13.0170850999999,43.8453304
Fano,PESARO E URBINO,Marche,Malatesta,2012,1598153211,13.0164535,43.8466652999999
Fano,PESARO E URBINO,Marche,UCI Cinemas,2015,590031865,13.0143244,43.8022459
Pergola,PESARO E URBINO,Marche,capitol,2012,1904017593,12.8355885999999,43.560766
Pesaro,PESARO E URBINO,Marche,Multisala Metropolis,2010,766426276,12.8978068,43.8931584999999
Pesaro,PESARO E URBINO,Marche,UCI Cinemas,2015,2089791115,12.8673422,43.9045573
Urbania,PESARO E URBINO,Marche,SALA LUX,2014,3229582465,12.5202328,43.667003
Ancona,ANCONA,Marche,Cinema Teatro Dorico,2013,687053357,13.5149817999999,43.6007967999999
Ancona,ANCONA,Marche,Cinema Teatro Galleria,2011,1311372023,13.5187407,43.6150627999999
Ancona,ANCONA,Marche,Cinemazzurro,2011,1311371745,13.5318064,43.6122833
Ancona,ANCONA,Marche,Multisala Goldoni,2010,1000475955,13.5132131999999,43.6159358
Ancona,ANCONA,Marche,UCI Cinemas Ancona,2012,893969287,13.5120524,43.5625792
Castelfidardo,ANCONA,Marche,Cinema Teatro Astra,2012,1870966935,13.5518395999999,43.4637420999999
Castelleone di Suasa,ANCONA,Marche,Cinema Suasa,2015,259723419,12.9762053,43.6064447999999
Fabriano,ANCONA,Marche,Cinema Montini,2012,1468816625,12.9040816,43.3345624999999
Fabriano,ANCONA,Marche,Movieland Multisala,2011,1202391037,12.922566,43.3475881
Maiolati Spontini,ANCONA,Marche,Cinema Nuovo Ariston,2014,3180285196,13.1295363,43.5019348
Numana,ANCONA,Marche,Cinema Arena Italia,2014,2532660693,13.6217243,43.5142256
Senigallia,ANCONA,Marche,Cinema Teatro La Piccola Fenice,2014,2783499144,13.2180861,43.7127922
Senigallia,ANCONA,Marche,Uci Cinemas Senigallia,2014,1484736353,13.2111658,43.7088407999999
Camerino,MACERATA,Marche,Cinema Teatro Comunale M. Betti,2010,684286700,13.0670877,43.1344221
Civitanova Marche,MACERATA,Marche,Capitol,2014,1413618397,13.7166736,43.3217733999999
Macerata,MACERATA,Marche,Cinema Italia,2013,1352788356,13.4518254,43.3001628
Macerata,MACERATA,Marche,Multiplex2000,2014,462246099,13.5047178999999,43.2779941
Matelica,MACERATA,Marche,,2012,1839733066,13.0074817,43.2539828
Recanati,MACERATA,Marche,Multicinema Sabbatini,2014,1413590715,13.5496947,43.4029704
Tolentino,MACERATA,Marche,Giometti cinema,2011,1388726771,13.308296,43.2183636999999
Ussita,MACERATA,Marche,,2010,859523964,13.1393302,42.9424034
Ascoli Piceno,ASCOLI PICENO,Marche,Multiplex delle Stelle,2010,644068429,13.7094161,42.8584220999999
Ascoli Piceno,ASCOLI PICENO,Marche,Multiplex delle Stelle,2010,644068429,13.7094161,42.8584220999999
Ascoli Piceno,ASCOLI PICENO,Marche,Odeon Multisala,2010,639343070,13.5787739999999,42.8603117999999
Ascoli Piceno,ASCOLI PICENO,Marche,Piceno Multisala,2010,639343069,13.5780016,42.8527260999999
Cupra Marittima,ASCOLI PICENO,Marche,Cinema Margherita,2012,1717069517,13.8578771,43.0245907999999
Carrara,MASSA-CARRARA,Toscana,Supercinema,2015,370832156,10.1016301,44.0764714
Barga,LUCCA,Toscana,Puccini,2013,2517150520,10.4794246,44.045861
Barga,LUCCA,Toscana,Roma,2013,2517516293,10.4814814999999,44.0751017999999
Lucca,LUCCA,Toscana,Astra,2014,3168348026,10.5034578,43.8408177
Lucca,LUCCA,Toscana,Cinema Centrale,2012,1948962722,10.5012048999999,43.8432202999999
Pietrasanta,LUCCA,Toscana,Italia,2011,1409520703,10.201791,43.9258811999999
Viareggio,LUCCA,Toscana,Eden,2010,664070060,10.2431842999999,43.8667899
Viareggio,LUCCA,Toscana,Eolo,2010,664070062,10.2425403,43.8679367
Viareggio,LUCCA,Toscana,Multisala Goldoni,2015,1676985210,10.2522734,43.8675318
Viareggio,LUCCA,Toscana,Odeon,2012,664070061,10.2436564,43.8661316
Pistoia,PISTOIA,Toscana,Globo,2014,2503728699,10.9147383,43.9321217
Pistoia,PISTOIA,Toscana,Lux,2013,2139016688,10.9148162,43.9308197
Pistoia,PISTOIA,Toscana,Roma,2014,3256462761,10.9214337,43.9313129
Empoli,FIRENZE,Toscana,Excelsior,2015,1698428320,10.9479238999999,43.7207458999999
Empoli,FIRENZE,Toscana,La Perla,2012,1698427836,10.9472079,43.7187199999999
Fiesole,FIRENZE,Toscana,Cinema Unione Girone,2015,3914962189,11.3409595,43.7696288
Firenze,FIRENZE,Toscana,,2013,2364507502,11.2701381,43.7706307999999
Firenze,FIRENZE,Toscana,Cinema Castello,2015,3914910412,11.2307,43.8138098
Firenze,FIRENZE,Toscana,Cinema Cinecitté,2016,3914930975,11.2081462,43.76986
Firenze,FIRENZE,Toscana,Cinema CineRigacci,2015,3914910411,11.2227341,43.7908003
Firenze,FIRENZE,Toscana,Cinema Fiamma,2015,3914932159,11.2718723,43.7836545999999
Firenze,FIRENZE,Toscana,Cinema Fiorella Atelier,2015,3089718408,11.2885616,43.7750752
Firenze,FIRENZE,Toscana,Cinema Flora Atelier,2015,1260432731,11.2406079,43.7952698
Firenze,FIRENZE,Toscana,Cinema Fulgor,2015,3914938240,11.2451485,43.7736025
Firenze,FIRENZE,Toscana,Cinema Marconi,2015,3914940631,11.2856356,43.7596954999999
Firenze,FIRENZE,Toscana,Cinema Officine Cinematografiche - Sala Signori,2015,3914951454,11.2888423,43.7634735
Firenze,FIRENZE,Toscana,Cinema Portico,2015,3914951757,11.2781622,43.7746183
Firenze,FIRENZE,Toscana,Cinema Principe,2015,3914951455,11.262702,43.7826862
Firenze,FIRENZE,Toscana,Cinema Spazio Alfieri,2015,3914951685,11.2638011,43.7709049999999
Firenze,FIRENZE,Toscana,Cinema Spazio Uno,2015,3914929936,11.2499293999999,43.7725194
Firenze,FIRENZE,Toscana,Cinema Stensen,2015,3914951456,11.2654324999999,43.7853855999999
Firenze,FIRENZE,Toscana,Odeon Cinehall,2015,2953868598,11.2525599,43.7709928
Firenze,FIRENZE,Toscana,UCI cinemas,2009,533613242,11.1890815,43.7722577999999
Firenze,FIRENZE,Toscana,UCI Cinemas,2014,2091252665,11.2283224,43.7909279
Greve in Chianti,FIRENZE,Toscana,Cinema Boito,2011,1088852932,11.3179664,43.5830034
Lastra a Signa,FIRENZE,Toscana,,2012,1589290251,11.1061839,43.7689122999999
San Casciano in Val di Pesa,FIRENZE,Toscana,Cinema Everest,2010,595572469,11.1860436,43.6576673
Scandicci,FIRENZE,Toscana,Cinema Cabiria,2012,541185690,11.1890503,43.7539317999999
Scandicci,FIRENZE,Toscana,Supercinema Aurora,2010,533694248,11.1853383999999,43.7529625
Sesto Fiorentino,FIRENZE,Toscana,Multisala Grotta,2015,560422830,11.2009782,43.8337699
Castagneto Carducci,LIVORNO,Toscana,,2014,3177062150,10.5653580999999,43.1685507999999
Castagneto Carducci,LIVORNO,Toscana,Arena Etruria,2011,1388699884,10.5450085,43.1790407
Livorno,LIVORNO,Toscana,,2013,2375216156,10.3275121999999,43.5168705
Livorno,LIVORNO,Toscana,Arena Estiva Ardenza,2013,2082670320,10.3269097999999,43.5177091999999
Livorno,LIVORNO,Toscana,Aurora,2012,391750319,10.3273984,43.5544188
Livorno,LIVORNO,Toscana,Cinema Gran Guardia,2014,2609894405,10.3104533,43.5507481
Livorno,LIVORNO,Toscana,Cinema Teatro Quattro Mori,2013,391925259,10.3050166999999,43.5510128
Livorno,LIVORNO,Toscana,Kino Dessé,2014,1294200368,10.3113382,43.5521073999999
Livorno,LIVORNO,Toscana,Multisala Grande,2014,2980869501,10.3088297,43.5510402
Livorno,LIVORNO,Toscana,Salesiani,2011,1570750244,10.3320983,43.5471344999999
Livorno,LIVORNO,Toscana,The Space Cinema,2012,1474898011,10.3378406999999,43.5475756
Marciana Marina,LIVORNO,Toscana,Cinemare,2012,452948103,10.2004243999999,42.8050657
Marciana Marina,LIVORNO,Toscana,Metropolis,2011,1340334561,10.1965134,42.8048065999999
Piombino,LIVORNO,Toscana,Odeon,2012,1970213701,10.5272071999999,42.9253282
Rosignano Marittimo,LIVORNO,Toscana,,2012,1713957077,10.4414574,43.3904064
Rosignano Marittimo,LIVORNO,Toscana,,2012,1723040156,10.4198875,43.4041746999999
San Vincenzo,LIVORNO,Toscana,,2011,1399996446,10.539192,43.1026667
Pisa,PISA,Toscana,Ciak,2014,2969257837,10.294994,43.6295849999999
Pisa,PISA,Toscana,Cinema Arno,2009,253554577,10.387352,43.7105034
Pisa,PISA,Toscana,Cinema Arsenale,2015,3489102937,10.402714,43.7139983
Pisa,PISA,Toscana,Cinema teatro Lux,2016,2661741071,10.4041276,43.721069
Pisa,PISA,Toscana,Cinema teatro Nuovo,2014,1677276923,10.3977287,43.7091197
Pisa,PISA,Toscana,Lanteri,2015,3323919870,10.4143763,43.7087059999999
Pontedera,PISA,Toscana,Circolo Cinematografico Agoré,2013,1813913094,10.6357342999999,43.6630334
Volterra,PISA,Toscana,Cinema Centrale Multisala,2015,471087414,10.8613003999999,43.4023650999999
Arezzo,AREZZO,Toscana,Politeama,2012,1960949131,11.8773874,43.4620547999999
Arezzo,AREZZO,Toscana,UCI Arezzo,2013,663188696,11.8688661999999,43.4791735
Bibbiena,AREZZO,Toscana,Italia,2015,3854080671,11.8126279,43.7358535999999
Bucine,AREZZO,Toscana,Cinema Ambra,2014,3175628266,11.6030862,43.4159353
Montevarchi,AREZZO,Toscana,Cine8,2009,500919179,11.5631524,43.5365243
Sansepolcro,AREZZO,Toscana,Dante,2012,1683198237,12.1432556,43.5699198
Sansepolcro,AREZZO,Toscana,Nuova Aurora,2012,1683117737,12.1425515999999,43.5705997999999
Colle di Val d'Elsa,SIENA,Toscana,Cinema S.Agostino,2011,1490181940,11.1241205999999,43.421399
Poggibonsi,SIENA,Toscana,Cinema Garibaldi,2015,3709369352,11.1465248999999,43.4663546999999
Siena,SIENA,Toscana,Cinema Nuovo Pendola,2010,496123836,11.3281199,43.3148149
Sinalunga,SIENA,Toscana,UCI Cinemas Sinalunga,2008,254058342,11.7527367,43.2158268
Castiglione della Pescaia,GROSSETO,Toscana,Cinema,2013,2475514018,10.8806384,42.7633695999999
Follonica,GROSSETO,Toscana,Cinema Astra,2014,3003818928,10.7725481,42.922248
Grosseto,GROSSETO,Toscana,Cinema,2015,3598244304,11.0056023,42.711998
Grosseto,GROSSETO,Toscana,Cinema all'aperto / Spettacoli,2016,3143607468,11.1170342,42.7614619
Grosseto,GROSSETO,Toscana,The Space cinema,2014,1651578966,11.1133716,42.7811036
Citta' di Castello,PERUGIA,Umbria,Cinema Eden,2014,1480423640,12.2386246,43.4593688
Citta' di Castello,PERUGIA,Umbria,Nuovo Cinema Castello,2015,3833641114,12.2414675,43.4580816
Corciano,PERUGIA,Umbria,The Space cinema,2012,1737773293,12.3143490999999,43.0985968999999
Foligno,PERUGIA,Umbria,Multisala Supercinema Clarici,2014,2616045820,12.7058513,42.9539747
Gubbio,PERUGIA,Umbria,Cinema Astra,2014,3154005232,12.5803206,43.3517385999999
Gubbio,PERUGIA,Umbria,Cinema Italia,2012,1870786187,12.5788704,43.351087
Marsciano,PERUGIA,Umbria,Cinema Concordia,2014,3227768173,12.3372559,42.9096632999999
Perugia,PERUGIA,Umbria,Cinema Pavone,2014,1942098827,12.3881865999999,43.110345
Perugia,PERUGIA,Umbria,Nuovo Cinema Méliés,2015,2494949679,12.3920274999999,43.111615
Perugia,PERUGIA,Umbria,PostModernissimo,2015,3366294910,12.3933012,43.1127936
Perugia,PERUGIA,Umbria,Sant'Angelo Cinematografo Teatro,2012,1728788965,12.3885451999999,43.1173118
Perugia,PERUGIA,Umbria,UCI Cinemas,2012,1514200378,12.3551064,43.0965703999999
Perugia,PERUGIA,Umbria,Zenith,2012,1731560125,12.3940266,43.1042131999999
Umbertide,PERUGIA,Umbria,Metropolis cinema,2012,1664061614,12.3357227999999,43.3057233999999
Orvieto,TERNI,Umbria,Cinema Corso,2011,1449350664,12.1104056,42.718139
Terni,TERNI,Umbria,Cityplex Politeama Lucioli,2015,3839528428,12.6460304,42.5608431
Montefiascone,VITERBO,Lazio,Cinema Gallery,2010,757452223,12.0307265,42.5499778
Tuscania,VITERBO,Lazio,Supercinema,2012,1930180202,11.8737756,42.4178430999999
Valentano,VITERBO,Lazio,Cinema Colombo,2015,3422166427,11.8176412,42.5673712999999
Rieti,RIETI,Lazio,Multisala Moderno,2014,2763598274,12.8576692,42.4026404
Anzio,ROMA,Lazio,Astoria,2009,442495480,12.6282365,41.4482720999999
Anzio,ROMA,Lazio,Moderno,2009,442495672,12.6270349,41.4467215999999
Genzano di Roma,ROMA,Lazio,Cinema Multisala Cynthianum,2010,1000774083,12.6898291,41.7111303
Grottaferrata,ROMA,Lazio,Al Fellini,2010,905085280,12.6688192999999,41.786966
Monterotondo,ROMA,Lazio,Mancini,2012,1996953352,12.6174646,42.0524634
Roma,ROMA,Lazio,Admiral,2011,1283216891,12.5064581,41.9233361
Roma,ROMA,Lazio,Adriano,2011,309569303,12.4697046,41.9060168999999
Roma,ROMA,Lazio,Alcazar,2013,1528875622,12.4720752,41.887269
Roma,ROMA,Lazio,Alhambra,2015,3476234693,12.4288881999999,41.8979322
Roma,ROMA,Lazio,Andromeda,2012,610928685,12.4180813,41.9130107
Roma,ROMA,Lazio,Azzurro Scipioni,2011,1334091777,12.4582397999999,41.9084895
Roma,ROMA,Lazio,Barberini,2013,612605225,12.4891475,41.9035725999999
Roma,ROMA,Lazio,Brodway,2012,1701670092,12.5657929,41.8822395999999
Roma,ROMA,Lazio,Cinecitté,2014,899270724,12.5744671,41.8495332
Roma,ROMA,Lazio,Cineclub Alphaville,2010,248663946,12.5338939,41.8873886
Roma,ROMA,Lazio,Cineclub Detour,2016,1542593183,12.4939175,41.8962107999999
Roma,ROMA,Lazio,Cineclub Kino,2012,1759856900,12.5262715999999,41.8898159
Roma,ROMA,Lazio,CineClub Podere Rosa,2012,1601383258,12.5652715,41.9439294
Roma,ROMA,Lazio,Cineland,2014,388097156,12.2869098999999,41.7462591
Roma,ROMA,Lazio,Cinema CIAK,2010,916548809,12.445627,41.9642665
Roma,ROMA,Lazio,Cinema Royal,2015,276555836,12.5067479,41.8898212
Roma,ROMA,Lazio,Cinema Savoy,2008,301336161,12.4994424,41.9112908999999
Roma,ROMA,Lazio,Cinema Teatro Don Bosco,2015,3889651820,12.5670715,41.8576522999999
Roma,ROMA,Lazio,Cinema Tiziano,2014,309568195,12.4678505,41.9290527
Roma,ROMA,Lazio,Cinestar Cassia,2010,916498660,12.4443985,41.9656166999999
Roma,ROMA,Lazio,Doria,2014,422034617,12.4505748,41.909533
Roma,ROMA,Lazio,Eden,2013,1160046238,12.4688219999999,41.9086185999999
Roma,ROMA,Lazio,Empire,2008,310479059,12.4993047,41.919114
Roma,ROMA,Lazio,EUR Cine,2014,250884088,12.4684719,41.8338771
Roma,ROMA,Lazio,Europa,2014,1023823864,12.5008474,41.9100644999999
Roma,ROMA,Lazio,Farnese,2011,257352141,12.4726508,41.8952365999999
Roma,ROMA,Lazio,Fiamma,2012,1118787065,12.4926329,41.9053817
Roma,ROMA,Lazio,Filmstudio,2008,267112900,12.464133,41.8964558999999
Roma,ROMA,Lazio,Galaxi,2012,610928412,12.4166332,41.9214419999999
Roma,ROMA,Lazio,Giulio Cesare,2010,612601679,12.4560902,41.9087348999999
Roma,ROMA,Lazio,Greenwich,2013,251888861,12.4741095,41.8788587
Roma,ROMA,Lazio,Madison,2013,260540041,12.4792980999999,41.8534083999999
Roma,ROMA,Lazio,Maestoso,2011,1269962043,12.5218751,41.8751529
Roma,ROMA,Lazio,Multisala Atlantic,2014,266493853,12.5556535999999,41.8607865999999
Roma,ROMA,Lazio,Nuovo Cinema Aquila,2012,330885344,12.5255595,41.8905292999999
Roma,ROMA,Lazio,Nuovo Olimpia,2011,1257246656,12.4789733999999,41.9028706
Roma,ROMA,Lazio,Nuovo Sacher,2015,248674890,12.4726722,41.8842793999999
Roma,ROMA,Lazio,open air,2009,393179330,12.5242942999999,41.8868666999999
Roma,ROMA,Lazio,Quattro Fontane,2012,250889369,12.4919881,41.9014075999999
Roma,ROMA,Lazio,Reale,2011,248676601,12.4743782,41.8893204
Roma,ROMA,Lazio,The Space-Moderno,2013,1222037500,12.4964251,41.9020745999999
Roma,ROMA,Lazio,Trianon,2011,1267228617,12.5262475,41.8751413
Roma,ROMA,Lazio,UCI - 8 sale,2014,1507335546,12.6617972,41.9127838
Roma,ROMA,Lazio,Warner Village,2013,367251977,12.4116830999999,41.8151069
Tivoli,ROMA,Lazio,Cinema Giuseppetti,2015,3476274460,12.800024,41.9612776999999
Velletri,ROMA,Lazio,Augustus Multiplex,2015,665482026,12.789363,41.6895444
Aprilia,LATINA,Lazio,Multiplex Village,2010,861012765,12.6450421,41.5845429999999
Fondi,LATINA,Lazio,SuperCinema,2013,669812227,13.4280107,41.3569224
Gaeta,LATINA,Lazio,Ariston,2015,3394164813,13.5700004,41.2151265999999
Itri,LATINA,Lazio,,2013,2188746694,13.5320073999999,41.2916726999999
Latina,LATINA,Lazio,Corso,2012,764449199,12.903718,41.4664176
Latina,LATINA,Lazio,Giacomini,2012,764449196,12.9048778,41.4656688
Latina,LATINA,Lazio,Supercinema,2011,764449194,12.9047113,41.4630748
Minturno,LATINA,Lazio,Cinema Arena Eden,2014,2887215843,13.7099624,41.2549659
Terracina,LATINA,Lazio,Rio Cinema Multisala,2013,1575174523,13.2517115,41.2879337999999
Frosinone,FROSINONE,Lazio,Multisala Sisto,2012,1929283107,13.3394226,41.6174808
Isola del Liri,FROSINONE,Lazio,,2013,2338289231,13.5709351999999,41.6797218999999
Curti,CASERTA,Campania,Cinema Fellini,2013,2465270827,14.2739895,41.0769572
San Cipriano d'Aversa,CASERTA,Campania,Faro,2010,764075051,14.1350604,41.0052509
Afragola,NAPOLI,Campania,Happy Maxicinema,2012,1704639198,14.3575436,40.9338188999999
Casalnuovo di Napoli,NAPOLI,Campania,,2015,3750393937,14.3614508,40.9117005
Castellammare di Stabia,NAPOLI,Campania,Cinema Montil,2013,1631087510,14.4782838,40.6948227
Castellammare di Stabia,NAPOLI,Campania,Stabia Hall,2013,1631084455,14.483608,40.6960795
Forio,NAPOLI,Campania,,2013,1654201977,13.8576677,40.7365064999999
Ischia,NAPOLI,Campania,Cinema Excelsior,2014,1879168101,13.9520429,40.7386820999999
Napoli,NAPOLI,Campania,Cinema delle Palme,2015,499480599,14.2392155,40.8375546999999
Napoli,NAPOLI,Campania,Cinema Filangieri,2015,499479012,14.2411189999999,40.8362606999999
Napoli,NAPOLI,Campania,Cinema Metropolitan,2015,499480400,14.2428998999999,40.8358977999999
Napoli,NAPOLI,Campania,Plaza - ingresso Bernini,2014,1418558868,14.2316465999999,40.845117
Napoli,NAPOLI,Campania,Plaza - ingresso Kerbaker,2014,1418558871,14.2324842,40.8451825
Nola,NAPOLI,Campania,The Space Cinema,2010,966077292,14.487078,40.9510344999999
Piano di Sorrento,NAPOLI,Campania,Cimena delle Rose,2011,1330756567,14.4086786,40.6323276999999
Pomigliano d'Arco,NAPOLI,Campania,Teatro Cinema GLORIA,2011,1481651330,14.3901901,40.9085289
Procida,NAPOLI,Campania,Procida Hall,2013,2126186960,14.0321411,40.7651907999999
San Giorgio a Cremano,NAPOLI,Campania,Flaminio,2008,298270500,14.3437996,40.8388645
Sorrento,NAPOLI,Campania,Armida,2014,679074648,14.3777863,40.6263475
Lioni,AVELLINO,Campania,,2012,1643376287,15.1815780999999,40.8791438
Mercogliano,AVELLINO,Campania,Movieplex,2013,1693972997,14.7491454999999,40.9115097999999
Montella,AVELLINO,Campania,Cinema Fierro,2011,1436226469,15.0210083999999,40.841577
Montella,AVELLINO,Campania,Fontana Parco Giochi,2011,1436185060,15.0258904,40.8406075999999
Battipaglia,SALERNO,Campania,Garofalo,2011,1089138269,14.9812379,40.6085787
Cava de' Tirreni,SALERNO,Campania,Cine Alambra,2013,2397899318,14.7059801,40.7002578999999
Eboli,SALERNO,Campania,Cinema Italia,2011,1105027089,15.0557833,40.6157429
Nocera Superiore,SALERNO,Campania,Italia,2010,849595690,14.6730541999999,40.7423088999999
Salerno,SALERNO,Campania,Cinema Apollo,2014,2841282795,14.7654937,40.6817211999999
Salerno,SALERNO,Campania,Cinema Fatima,2014,2847372915,14.7927293,40.6639916
Salerno,SALERNO,Campania,Cinema Teatro Augusteo,2014,2796871163,14.7557799,40.6786748
Salerno,SALERNO,Campania,Cinema Teatro San Demetrio,2014,2841285453,14.7716645,40.6781387999999
Teramo,TERAMO,Abruzzo,Cinema Comunale,2011,1084506648,13.6986504999999,42.6605886999999
Teramo,TERAMO,Abruzzo,Cinema Smeraldo,2013,1084506645,13.710691,42.6611455
Montesilvano,PESCARA,Abruzzo,The Space Cinema,2012,75251540,14.1501664,42.5219811999999
Pescara,PESCARA,Abruzzo,Pescara Cityplex,2015,3292291236,14.2127932,42.4637728
Spoltore,PESCARA,Abruzzo,Cinema Arca Multiplex,2010,135133652,14.1785707999999,42.4567887999999
Torre de' Passeri,PESCARA,Abruzzo,Ciccillino,2009,490585867,13.93099,42.2425177
Chieti,CHIETI,Abruzzo,Giometti,2012,590031698,14.1287378,42.3437375999999
Chieti,CHIETI,Abruzzo,Teatro Auditorium Supercinema,2015,734442785,14.1644665,42.348125
Francavilla al Mare,CHIETI,Abruzzo,Asterope,2010,948559067,14.2669143999999,42.4345994999999
Termoli,CAMPOBASSO,Molise,Cinema Sant'Antonio,2010,687321749,14.9945187,42.0032578
Foggia,FOGGIA,Puglia,Cinema Ariston,2011,1517625256,15.5546373,41.4650429
Foggia,FOGGIA,Puglia,La citté del cinema,2013,617187895,15.5376664,41.4451801
San Severo,FOGGIA,Puglia,Cinema,2011,1238336211,15.375643,41.6875289999999
Vieste,FOGGIA,Puglia,,2015,3699804523,16.1798803999999,41.8848679
Bari,BARI,Puglia,,2015,3439716849,16.7744383,41.1316010999999
Bari,BARI,Puglia,Cinema Armenise,2012,639357019,16.8681066999999,41.1102680999999
Bari,BARI,Puglia,Cinema Royal,2011,620120661,16.8646622,41.1180183
Bari,BARI,Puglia,Esedra,2010,643883764,16.8833157999999,41.1185748999999
Bari,BARI,Puglia,Multicinema Galleria,2013,360070137,16.8684106999999,41.1187444999999
Bari,BARI,Puglia,Nuovo Splendor,2015,1242093379,16.8699252999999,41.1105872999999
Bari,BARI,Puglia,Odeon,2014,849689836,16.8757124999999,41.1138631999999
Casamassima,BARI,Puglia,The Space Cinema,2013,1634080143,16.9261991999999,40.9710627999999
Corato,BARI,Puglia,Cinema Elia,2010,578119728,16.4089136,41.1529147999999
Molfetta,BARI,Puglia,Cinema Odeon,2013,2069339077,16.6015304999999,41.1992951
Molfetta,BARI,Puglia,UCI Cinemas multisala,2009,448683033,16.5469298999999,41.2168228999999
Terlizzi,BARI,Puglia,Piccolo Osservatorio Garzia,2009,563766858,16.5453735,41.1307601999999
Castellaneta,TARANTO,Puglia,IMAX,2013,2306636080,16.9482247999999,40.4878278999999
Ginosa,TARANTO,Puglia,,2012,2062261874,16.8887222,40.4317335
Grottaglie,TARANTO,Puglia,Cinema Vittoria,2013,2462950214,17.4261149999999,40.5351488
Martina Franca,TARANTO,Puglia,Cinema Teatro Nuovo,2012,477498744,17.3353098999999,40.7015286999999
Martina Franca,TARANTO,Puglia,Cinema Teatro Verdi,2015,592016534,17.3395438999999,40.7047124999999
Taranto,TARANTO,Puglia,Cinema Lumiere,2013,2184740610,17.2668992999999,40.4657790999999
Latiano,BRINDISI,Puglia,cine-teatro Olmi,2013,2410441862,17.7184583,40.553404
Galatina,LECCE,Puglia,,2013,2173154835,18.1672173999999,40.1741784
Maglie,LECCE,Puglia,Cinema Moderno,2015,3580537995,18.3015285,40.1230900999999
Taviano,LECCE,Puglia,,2013,2353348298,18.0880557,39.9813934
Potenza,POTENZA,Basilicata,Don Bosco,2015,3654413788,15.7961861,40.6475209999999
Venosa,POTENZA,Basilicata,,2013,2267274165,15.8173074,40.9619142
Matera,MATERA,Basilicata,Cinema Comunale,2013,2505383729,16.6060541999999,40.6669320999999
Amantea,COSENZA,Calabria,Arena Sicoli,2012,1923309770,16.0746687,39.1352395999999
Diamante,COSENZA,Calabria,vittoria,2011,1414409471,15.8214436,39.6774769
Catanzaro,CATANZARO,Calabria,Cinema Teatro Masciari,2013,1787826504,16.5947436,38.9045314
Catanzaro,CATANZARO,Calabria,TheSpace,2012,1856099751,16.6456632999999,38.8432991999999
Reggio di Calabria,REGGIO CALABRIA,Calabria,Cinema Nuova Pergola,2011,811798512,15.650836,38.1042278999999
Marsala,TRAPANI,Sicilia,Cinema Centrale,2010,881239511,12.4325101,37.7995737
Campofelice di Roccella,PALERMO,Sicilia,Arena Re,2014,2942539216,13.8856137,37.9876075
Cefalu',PALERMO,Sicilia,Cinema de Francesc a,2015,3826590511,14.0218482,38.0381033
Palermo,PALERMO,Sicilia,ABC,2008,268695044,13.3570049,38.1246297
Palermo,PALERMO,Sicilia,Ariston,2008,277642730,13.3456344999999,38.1367325
Palermo,PALERMO,Sicilia,Cinema Lux,2015,3730965262,13.3442916999999,38.1396212
Palermo,PALERMO,Sicilia,Cine Multisala Marconi,2015,618709524,13.3408386,38.1068539999999
Palermo,PALERMO,Sicilia,Dante,2008,267186897,13.346234,38.124304
Palermo,PALERMO,Sicilia,Fiamma (nel 2015 non attivo),2015,271672159,13.3492314,38.133118
Palermo,PALERMO,Sicilia,Gaudium,2009,573760502,13.3450675,38.1305413999999
Palermo,PALERMO,Sicilia,Golden,2009,573760503,13.3448973,38.1296486
Palermo,PALERMO,Sicilia,Imperia,2008,268695275,13.3572023,38.1246905
Palermo,PALERMO,Sicilia,King,2015,3483720080,13.3326926,38.1522264
Palermo,PALERMO,Sicilia,King,2015,3800809853,13.3326926,38.1522264
Palermo,PALERMO,Sicilia,UCI Cinemas,2014,3241235167,13.4127113999999,38.0900358
Villabate,PALERMO,Sicilia,Cine Ambassador,2009,412327779,13.4462446,38.0765292999999
Lipari,MESSINA,Sicilia,Museo del Cinema,2015,3419393690,15.2347100999999,38.8044458
Messina,MESSINA,Sicilia,Apollo,2015,3404942513,15.5548369,38.1897837
Messina,MESSINA,Sicilia,Cine Capitol,2014,3120571791,15.5531033999999,38.1830393999999
Messina,MESSINA,Sicilia,Lux,2015,3404942516,15.5516568999999,38.1864963
Milazzo,MESSINA,Sicilia,Liga,2015,2703924085,15.2425029,38.2220999999999
Agrigento,AGRIGENTO,Sicilia,Cine Astor,2012,1913916305,13.5865429,37.3115239999999
Agrigento,AGRIGENTO,Sicilia,Cinema Concordia,2012,1913919134,13.5948952999999,37.3018553
Agrigento,AGRIGENTO,Sicilia,cinema multisala Ciak,2012,962993052,13.5705507999999,37.3147579999999
Porto Empedocle,AGRIGENTO,Sicilia,cinema multisala Mezzano,2012,1913933924,13.5292238,37.2889076
Gela,CALTANISSETTA,Sicilia,Cine Teatro Antidoto,2015,3719711777,14.2095103999999,37.079898
Piazza Armerina,ENNA,Sicilia,Teatro Garibaldi,2012,1664822167,14.3700354,37.3858675999999
Caltagirone,CATANIA,Sicilia,Cineteatro Sant'Anna,2013,2351946827,14.5236591,37.2284003999999
Catania,CATANIA,Sicilia,,2012,1956586420,14.95988,37.4625705999999
Catania,CATANIA,Sicilia,ABC,2008,310484907,15.099061,37.5115981
Catania,CATANIA,Sicilia,Alfieri,2008,309476307,15.1043417,37.5201441999999
Catania,CATANIA,Sicilia,Arena Adua,2010,297883789,15.0800985999999,37.5159037999999
Catania,CATANIA,Sicilia,Arena Corsaro,2014,297883786,15.0808984,37.5163627
Catania,CATANIA,Sicilia,Ariston,2010,309466252,15.0885614,37.5176876
Catania,CATANIA,Sicilia,Capitol,2013,317430354,15.0953371999999,37.5195864
Catania,CATANIA,Sicilia,Corsaro,2013,297883790,15.0821901,37.5163978
Catania,CATANIA,Sicilia,King,2013,318607654,15.0935965,37.5064873999999
Catania,CATANIA,Sicilia,Lo Pé,2013,2058561640,15.0857259999999,37.5099607
Catania,CATANIA,Sicilia,Odeon,2014,3259731762,15.0872422,37.5105451
Catania,CATANIA,Sicilia,Recupero,2015,320041349,15.101063,37.5225490999999
Catania,CATANIA,Sicilia,Tiffany,2013,309123975,15.0874057,37.5115754999999
Giarre,CATANIA,Sicilia,Cineteatro Garibaldi,2012,2002700577,15.1807877,37.7260686999999
Motta Sant'Anastasia,CATANIA,Sicilia,Cinema Virgillito,2012,929553592,14.9679614,37.5131297
San Giovanni La Punta,CATANIA,Sicilia,Cine Centrale,2013,317492309,15.0939616999999,37.5783117
San Giovanni La Punta,CATANIA,Sicilia,Multiplex Cinestar,2010,316514588,15.1053238,37.5848889
Ispica,RAGUSA,Sicilia,Cinema Diana,2009,454383800,14.9117338,36.7863855
Modica,RAGUSA,Sicilia,Aurora,2010,877283753,14.762762,36.8661022
Ragusa,RAGUSA,Sicilia,Cinema La Licata,2013,2324552406,14.7269444,36.9207323999999
Ragusa,RAGUSA,Sicilia,Cine Teatro Don Bosco,2014,3232369112,14.7203237999999,36.9291659
Ragusa,RAGUSA,Sicilia,Lumiére,2013,2397539469,14.7197909,36.9234744
Scicli,RAGUSA,Sicilia,Cine-Arena,2013,2560793526,14.6354658,36.7634086999999
Alghero,SASSARI,Sardegna,Miramare,2011,1163331316,8.3159486,40.5554831999999
Sassari,SASSARI,Sardegna,Cinema Moderno,2013,2278931518,8.5637731,40.7276189999999
Sassari,SASSARI,Sardegna,Ex Cinema Ariston,2016,4017967928,8.5680125,40.7264136
Dorgali,NUORO,Sardegna,,2013,2254697969,9.586417,40.2950592999999
Cagliari,CAGLIARI,Sardegna,Cinema Odissea,2013,2508589301,9.10363609999999,39.2196973
Cagliari,CAGLIARI,Sardegna,Greenwich d'essai,2013,2508488940,9.110896,39.2171694
Cagliari,CAGLIARI,Sardegna,Multisala Cineworld,2012,1436689026,9.0959299,39.2437453
Cagliari,CAGLIARI,Sardegna,UCI Cinemas,2012,1452759826,9.0976506,39.2273538
Quartucciu,CAGLIARI,Sardegna,Warner village The space,2010,867589445,9.1627933,39.2450134999999
Maniago,PORDENONE,Friuli-Venezia Giulia,Cinema Manzoni,2015,3427386912,12.7096386,46.1692944999999
Pordenone,PORDENONE,Friuli-Venezia Giulia,Cinema Don Bosco,2011,1309384861,12.6529717,45.9628307999999
Pordenone,PORDENONE,Friuli-Venezia Giulia,CinemaZero,2009,446008451,12.6570851,45.9632629999999
Sacile,PORDENONE,Friuli-Venezia Giulia,Teatro ruffo,2015,3297493561,12.502499,45.9530949999999
Ghilarza,ORISTANO,Sardegna,Cinema Joseph,2014,3227058661,8.8337165,40.1193765
Oristano,ORISTANO,Sardegna,Cinema Multisala Ariston,2015,3275219840,8.5881744,39.9078913
Biella (BI),BIELLA,Piemonte,Cinema Mazzini,2013,2246723263,8.05442,45.5634851
Biella (BI),BIELLA,Piemonte,Cinema Teatro Odeon,2013,2246723266,8.06217159999999,45.5569185
Candelo (BI),BIELLA,Piemonte,Cinema Verdi,2014,471945783,8.1124928,45.5472638999999
Cossato (BI),BIELLA,Piemonte,Cinema Teatro Comunale,2013,2131182338,8.1798822,45.5696270999999
Vigliano Biellese (BI),BIELLA,Piemonte,Cineteatro Erios,2013,2420559039,8.092553,45.5594725999999
Mandello del Lario (LC),LECCO,Lombardia,Cine teatro F. De André,2014,2888790555,9.3191884,45.9170292
Lodi (LO),LODI,Lombardia,Cinema del Viale,2010,566454948,9.5042916,45.3084714
Lodi (LO),LODI,Lombardia,Fanfulla,2015,3383756674,9.4975483,45.3082834
Lodi (LO),LODI,Lombardia,Moderno,2015,3383734219,9.5067705,45.3168689
Pieve Fissiraga (LO),LODI,Lombardia,Cinelandia,2012,1819025450,9.4570112,45.2764474
Santarcangelo di Romagna (RN),RIMINI,Emilia-Romagna,Teatro Supercinema,2015,1737593750,12.4451517,44.0619386999999
Pennabilli (RN),RIMINI,Emilia-Romagna,Cinema Gambrinus,2015,2858050764,12.2659444,43.8192722
Prato (PO),PRATO,Toscana,Eden,2010,622540449,11.0978765999999,43.880088
Prato (PO),PRATO,Toscana,Excelsior,2010,622540462,11.0994993999999,43.880721
Prato (PO),PRATO,Toscana,Multiplex Omnia Center,2012,622540398,11.0630448,43.8740377
Prato (PO),PRATO,Toscana,Terminale,2012,622540432,11.0966942,43.8771907
Crotone (KR),CROTONE,Calabria,Sala Raimondi,2012,1310845517,17.1278569999999,39.0818081
Cannobio (VB),VERBANIA,Piemonte,,2011,1414937182,8.69785,46.0617986
Domodossola (VB),VERBANIA,Piemonte,Cinema Corso,2014,448941947,8.2952817,46.1154014
Malesco (VB),VERBANIA,Piemonte,,2013,2548323748,8.5025145,46.1263409999999
Omegna (VB),VERBANIA,Piemonte,,2009,465188385,8.4096638,45.8781669999999
Tempio Pausania (OT),OLBIA-TEMPIO,Sardegna,,2009,479953708,9.1039932,40.9005259999999
Carbonia (CI),CARBONIA IGLESIAS,Sardegna,Supercinema,2012,2006430322,8.5186367,39.1731436
Brugherio (MB),MONZA E DELLA BRIANZA,Lombardia,Cinema Teatro San Giuseppe,2010,822310974,9.3029061,45.5529506
Carate Brianza (MB),MONZA E DELLA BRIANZA,Lombardia,Vfx Cinema e TV di Federico Surace,2015,3355590948,9.2310668,45.6700270999999
Lissone (MB),MONZA E DELLA BRIANZA,Lombardia,Cineteatro Excelsior,2015,647694268,9.2419492,45.6072216999999
Lissone (MB),MONZA E DELLA BRIANZA,Lombardia,UCI Cinemas Lissone,2015,647686881,9.2238369,45.6338326999999
Monza (MB),MONZA E DELLA BRIANZA,Lombardia,Capitol,2014,455980207,9.2744607,45.5866862999999
Lentate sul Seveso (MB),MONZA E DELLA BRIANZA,Lombardia,Cinema Teatro Sant'Angelo,2016,3992149991,9.1181303,45.6772332999999
Fermo (FM),FERMO,Marche,Super 8,2014,2665758497,13.6754646999999,43.1749257
Porto Sant'Elpidio (FM),FERMO,Marche,Multiplex,2012,253327471,13.7364353,43.2887599
Servigliano (FM),FERMO,Marche,Multisala,2011,1217649652,13.4926011,43.0802132
Andria (BT),BARLETTA ANDRIA TRANI,Puglia,Multisala Roma,2014,3109427880,16.2966199,41.2241271999999
Barletta (BT),BARLETTA ANDRIA TRANI,Puglia,Cinema Opera,2012,565693494,16.2762797,41.3164488999999
